receipt_id,difficulty,category,raw_cer,raw_conf,raw_merchant_ok,raw_date_ok,raw_subtotal_ok,raw_tax_ok,raw_total_ok,raw_item_recall,raw_time_s,grayscale_cer,grayscale_conf,grayscale_merchant_ok,grayscale_date_ok,grayscale_subtotal_ok,grayscale_tax_ok,grayscale_total_ok,grayscale_item_recall,grayscale_time_s,pipeline_cer,pipeline_conf,pipeline_merchant_ok,pipeline_date_ok,pipeline_subtotal_ok,pipeline_tax_ok,pipeline_total_ok,pipeline_item_recall,pipeline_time_s
R0000_IUC0,hard,grocery,0.4071856287425149,63.21212121212121,False,False,True,False,True,0.6666666666666666,4.76837158203125e-07,0.6526946107784432,53.8,False,True,False,False,False,0.3333333333333333,0.0005970001220703,0.2754491017964072,76.27586206896552,False,False,True,False,True,1.0,0.1486964225769043
R0001_ZCCB,easy,pharmacy,0.1254901960784313,84.4,True,True,True,True,True,1.0,4.76837158203125e-07,0.1372549019607843,80.5111111111111,True,True,True,True,True,1.0,0.000493049621582,0.1294117647058823,85.88888888888889,True,True,True,True,True,1.0,0.1365785598754882
R0002_Q5C3,easy,grocery,0.079136690647482,77.47169811320755,True,True,True,True,True,1.0,2.384185791015625e-07,0.0647482014388489,77.66037735849056,True,True,True,True,True,1.0,0.0006055831909179,0.0971223021582733,79.71698113207547,True,True,True,True,True,1.0,0.142113447189331
R0003_4CC5,easy,electronics,0.1314741035856573,88.5111111111111,True,True,True,True,True,1.0,2.384185791015625e-07,0.1394422310756972,87.04444444444445,True,True,True,True,True,0.8333333333333334,0.0004608631134033,0.1434262948207171,86.73333333333333,True,True,True,True,True,1.0,0.1187152862548828
R0004_F4ZW,easy,grocery,0.0633802816901408,87.86,True,True,True,True,True,1.0,2.384185791015625e-07,0.0598591549295774,88.32,True,True,True,True,True,1.0,0.0006184577941894,0.0704225352112676,86.04,True,True,True,True,True,1.0,0.1461491584777832
R0005_6T4U,easy,cafe,0.2023809523809523,76.29629629629629,True,False,False,False,False,0.3333333333333333,4.76837158203125e-07,0.1845238095238095,76.37037037037037,True,True,False,False,False,0.0,0.0004019737243652,0.1071428571428571,91.88888888888889,True,True,True,True,True,1.0,0.1194419860839843
R0006_Y0IF,medium,grocery,0.3648648648648648,66.0,True,True,False,False,False,0.5,2.384185791015625e-07,0.4054054054054054,61.958333333333336,True,False,False,False,False,0.5,0.000401496887207,0.1351351351351351,83.5,True,False,False,True,True,1.0,0.1065058708190918
R0007_LA5J,hard,pharmacy,1.0,33.47058823529412,False,False,False,True,True,1.0,2.384185791015625e-07,1.3333333333333333,35.11594202898551,False,False,True,True,True,1.0,0.0005030632019042,0.3511904761904761,62.71428571428572,False,False,True,False,True,1.0,0.1453950405120849
R0008_XLL4,medium,pharmacy,0.0985915492957746,74.57894736842105,True,True,True,True,True,0.75,4.76837158203125e-07,0.107981220657277,74.78947368421052,True,True,True,True,True,0.75,0.0004379749298095,0.1314553990610328,79.8157894736842,True,True,False,True,True,0.75,0.1225166320800781
R0009_R62G,easy,grocery,0.1554621848739495,84.63636363636364,True,True,True,True,True,1.0,4.76837158203125e-07,0.1512605042016806,86.20454545454545,True,True,True,True,True,1.0,0.0006043910980224,0.1638655462184874,86.0909090909091,True,True,True,True,True,1.0,0.1347525119781494
R0010_2ZQU,medium,grocery,0.5056818181818182,55.75862068965517,True,True,False,False,False,0.0,4.76837158203125e-07,0.4659090909090909,60.93103448275862,True,True,False,False,False,0.3333333333333333,0.0004606246948242,0.1704545454545454,77.5625,True,False,True,True,True,1.0,0.1204135417938232
R0011_CKJL,easy,grocery,0.2032085561497326,80.24324324324324,True,True,True,True,False,1.0,7.152557373046875e-07,0.2085561497326203,81.8108108108108,True,True,True,True,False,1.0,0.0004241466522216,0.1871657754010695,84.21621621621621,True,True,True,True,True,1.0,0.1367835998535156
R0012_64T0,hard,cafe,0.8361581920903954,42.38333333333333,False,False,False,True,False,0.6666666666666666,4.76837158203125e-07,0.943502824858757,36.17857142857143,False,False,False,False,False,0.0,0.0004482269287109,0.2203389830508474,81.70588235294117,True,False,False,True,True,0.6666666666666666,0.133908987045288
R0013_HL1N,easy,electronics,0.1298701298701298,82.34615384615384,True,True,True,True,True,1.0,4.76837158203125e-07,0.1623376623376623,88.04,True,False,True,True,True,0.5,0.0004081726074218,0.1363636363636363,87.53846153846153,True,False,True,True,True,1.0,0.1096048355102539
R0014_Z1GV,medium,grocery,0.196078431372549,81.175,True,False,True,True,True,1.0,4.76837158203125e-07,0.1813725490196078,85.125,True,False,True,True,True,1.0,0.0004782676696777,0.1862745098039215,86.1,True,False,True,True,True,1.0,0.1390125751495361
R0015_RPN6,hard,electronics,0.848314606741573,33.32727272727273,False,False,False,True,True,0.6666666666666666,4.76837158203125e-07,0.9101123595505618,34.11666666666667,False,False,False,True,False,0.6666666666666666,0.0004439353942871,0.146067415730337,81.03448275862068,True,False,True,False,True,0.6666666666666666,0.1212031841278076
R0016_MRLR,medium,pharmacy,0.1932367149758454,77.55555555555556,True,False,True,True,True,1.0,9.5367431640625e-07,0.1980676328502415,78.55555555555556,True,False,True,True,True,1.0,0.0004549026489257,0.1980676328502415,80.41666666666667,True,False,True,True,True,0.75,0.1294333934783935
R0017_LZJJ,hard,grocery,0.3556701030927835,50.47368421052632,False,False,False,True,False,0.75,4.76837158203125e-07,0.3865979381443299,46.97368421052632,False,False,False,True,False,0.75,0.000446081161499,0.1752577319587628,80.23529411764706,True,False,True,True,True,0.75,0.1207141876220703
R0018_DAKR,hard,pharmacy,1.4146341463414631,19.96,False,False,False,False,False,0.0,7.152557373046875e-07,0.902439024390244,26.33333333333333,False,False,False,False,False,0.0,0.0003614425659179,0.3658536585365853,62.61538461538461,False,True,False,True,True,1.0,0.1577701568603515
R0019_ISQP,medium,electronics,0.3881856540084388,60.36842105263158,True,False,False,False,False,0.3333333333333333,2.384185791015625e-07,0.3755274261603376,62.31578947368421,True,False,False,False,False,0.1666666666666666,0.0005233287811279,0.1139240506329113,84.775,True,False,True,True,True,1.0,0.143190860748291
R0020_X63C,medium,cafe,0.4272300469483568,66.34210526315789,True,True,False,False,False,0.3333333333333333,2.384185791015625e-07,0.4741784037558685,66.89473684210526,True,True,False,False,False,0.3333333333333333,0.0004913806915283,0.1971830985915492,83.6,True,False,True,True,True,0.8333333333333334,0.1442542076110839
R0021_WRDM,hard,pharmacy,0.8153310104529616,43.5959595959596,False,False,True,True,True,1.0,4.76837158203125e-07,0.8850174216027874,40.89473684210526,False,False,True,True,True,1.0,0.0005817413330078,0.1080139372822299,74.24489795918367,True,False,True,True,False,1.0,0.1387891769409179
R0022_PZE9,easy,cafe,0.1843575418994413,92.12121212121212,True,True,True,True,True,1.0,4.76837158203125e-07,0.1787709497206704,92.1818181818182,True,True,True,True,True,1.0,0.0004465579986572,0.1787709497206704,92.72727272727272,True,True,True,True,True,1.0,0.1193077564239502
R0023_2O7S,medium,grocery,0.2093862815884476,68.34615384615384,True,True,True,True,True,0.5714285714285714,2.384185791015625e-07,0.2454873646209386,68.98039215686275,False,True,True,False,True,0.5714285714285714,0.0005505084991455,0.1588447653429603,81.34615384615384,True,False,False,True,True,1.0,0.1365587711334228
R0024_AF58,hard,grocery,0.5737704918032787,39.36842105263158,False,False,False,False,False,0.0,4.76837158203125e-07,0.5300546448087432,41.888888888888886,False,False,False,False,False,0.0,0.0004646778106689,0.2568306010928962,81.61111111111111,True,False,True,True,True,0.75,0.1308655738830566
R0025_BLCM,hard,electronics,0.5,48.41860465116279,False,False,False,False,False,0.0,4.76837158203125e-07,0.6263157894736842,36.21739130434783,False,False,False,False,False,0.0,0.0004220008850097,0.131578947368421,82.90322580645162,True,False,True,True,True,0.3333333333333333,0.1125926971435546
R0026_PMVX,hard,electronics,0.9735449735449736,35.134328358208954,False,False,False,False,False,0.75,2.384185791015625e-07,0.8571428571428571,38.483870967741936,False,False,False,False,False,0.5,0.0004241466522216,0.3862433862433862,63.212765957446805,False,False,True,True,True,1.0,0.1728692054748535
R0027_1I2H,medium,cafe,0.9504504504504504,44.793103448275865,False,True,True,True,False,1.0,4.76837158203125e-07,0.8603603603603603,49.23943661971831,False,False,False,False,False,0.7142857142857143,0.0005528926849365,0.2927927927927928,73.73076923076923,False,False,True,True,True,1.0,0.2008695602416992
R0028_N2AT,hard,electronics,0.1355311355311355,79.72916666666667,True,False,True,False,True,0.8571428571428571,4.76837158203125e-07,0.1648351648351648,76.2,True,False,False,False,True,0.8571428571428571,0.0004580020904541,0.1465201465201465,80.58333333333333,True,True,True,False,True,0.8571428571428571,0.1450109481811523
R0029_5X4W,hard,pharmacy,0.9927272727272728,38.56603773584906,False,False,True,True,True,1.0,2.384185791015625e-07,1.2727272727272727,34.52755905511811,False,False,True,True,True,1.0,0.0005433559417724,0.4436363636363636,57.738461538461536,False,False,False,False,True,0.5714285714285714,0.2108111381530761
R0030_6A4F,easy,cafe,0.24,86.24137931034483,True,True,True,True,True,1.0,7.152557373046875e-07,0.2266666666666666,87.86206896551724,True,True,True,True,True,1.0,0.000392198562622,0.2466666666666666,86.17857142857143,True,True,True,True,True,1.0,0.1207704544067382
R0031_25SQ,easy,grocery,0.1261261261261261,83.425,True,True,True,True,True,1.0,4.76837158203125e-07,0.1216216216216216,84.375,True,True,True,True,True,1.0,0.000462532043457,0.1126126126126126,82.15,True,True,True,True,True,1.0,0.135871410369873
R0032_O3O0,hard,pharmacy,0.7821782178217822,39.52542372881356,False,False,False,False,True,0.75,2.384185791015625e-07,0.8663366336633663,37.34375,False,False,False,False,True,0.5,0.0004286766052246,0.2475247524752475,81.32432432432432,True,False,True,False,True,1.0,0.132659912109375
R0033_MUHX,medium,cafe,0.1243243243243243,77.76470588235294,True,False,True,True,True,0.5,4.76837158203125e-07,0.1189189189189189,79.11764705882354,True,True,True,True,True,0.5,0.0004258155822753,0.1081081081081081,81.94117647058823,True,False,True,True,True,1.0,0.148691177368164
R0034_DTNQ,easy,cafe,0.1309523809523809,85.6,True,True,True,True,False,0.75,2.384185791015625e-07,0.1071428571428571,86.06666666666666,True,True,True,True,True,1.0,0.0004138946533203,0.1309523809523809,83.25806451612904,True,True,True,True,False,0.75,0.1263105869293213
R0035_VAKH,medium,cafe,0.1428571428571428,86.54838709677419,True,True,True,True,True,1.0,4.76837158203125e-07,0.1371428571428571,84.93548387096774,True,True,True,True,True,1.0,0.0004103183746337,0.16,83.74193548387096,True,True,True,False,True,1.0,0.1229064464569091
R0036_2W37,medium,grocery,0.2091503267973856,76.92592592592592,True,False,True,False,True,0.5,2.384185791015625e-07,0.2287581699346405,78.5925925925926,True,False,True,False,True,0.5,0.0003771781921386,0.2091503267973856,77.22222222222223,True,False,True,False,True,0.5,0.1070804595947265
R0037_3IFH,medium,cafe,0.2032085561497326,85.84210526315789,True,False,True,True,True,0.6666666666666666,7.152557373046875e-07,0.2085561497326203,84.55263157894737,True,False,True,True,True,0.6666666666666666,0.0004208087921142,0.213903743315508,82.21052631578948,True,False,True,True,True,0.6666666666666666,0.1182122230529785
R0038_QC3C,hard,grocery,0.7952380952380952,37.83018867924528,False,True,False,False,False,0.2,4.76837158203125e-07,0.6857142857142857,43.325,False,False,False,False,False,0.2,0.0005140304565429,0.1761904761904762,76.92105263157895,True,False,True,True,True,1.0,0.1262462139129638
R0039_BWML,easy,electronics,0.182741116751269,80.27027027027027,True,True,True,True,True,0.75,2.384185791015625e-07,0.1573604060913705,86.63636363636364,True,True,True,False,True,0.75,0.0004847049713134,0.1218274111675127,89.32352941176471,True,True,True,True,True,1.0,0.1450910568237304
R0040_8RIE,medium,grocery,0.3040935672514619,69.48148148148148,False,True,False,False,False,0.0,2.384185791015625e-07,0.2923976608187134,66.03703703703704,True,False,False,False,False,0.0,0.0003890991210937,0.1228070175438596,84.92857142857143,True,True,True,True,True,1.0,0.1109092235565185
R0041_Z8V1,easy,electronics,0.1336032388663967,85.22727272727273,True,True,True,True,True,1.0,2.384185791015625e-07,0.1295546558704453,85.86363636363636,True,True,True,True,True,1.0,0.0005316734313964,0.1295546558704453,86.22727272727273,True,True,True,True,True,1.0,0.1440451145172119
R0042_FP8H,hard,electronics,1.2597402597402598,31.92537313432836,False,False,False,True,True,1.0,4.76837158203125e-07,0.9675324675324676,42.61818181818182,False,False,True,True,True,1.0,0.0003831386566162,0.1558441558441558,79.18518518518519,True,False,True,True,True,1.0,0.1150426864624023
R0043_W6AH,hard,cafe,0.1944444444444444,87.23076923076923,True,True,True,False,True,1.0,7.152557373046875e-07,0.2013888888888889,86.65384615384616,True,True,True,False,True,1.0,0.0004870891571044,0.2222222222222222,84.70370370370371,True,True,False,False,True,1.0,0.1131374835968017
R0044_UGYS,medium,pharmacy,0.204,75.81818181818181,True,True,True,True,True,1.0,4.76837158203125e-07,0.224,73.68181818181819,True,False,True,True,True,1.0,0.0004646778106689,0.16,86.37209302325581,True,False,True,True,True,1.0,0.1261639595031738
R0045_LO3R,medium,grocery,0.2364532019704433,72.83333333333333,True,True,False,False,True,0.25,4.76837158203125e-07,0.3152709359605911,68.97142857142858,True,True,False,False,True,0.0,0.0004818439483642,0.1182266009852216,79.57894736842105,True,True,True,True,True,1.0,0.1293540000915527
R0046_CXLV,hard,electronics,0.9553903345724908,25.0,False,False,False,False,False,0.2857142857142857,4.76837158203125e-07,0.8178438661710037,23.61111111111111,False,False,False,False,False,0.0,0.0005123615264892,0.1412639405204461,84.04444444444445,True,True,True,True,True,0.7142857142857143,0.1576628684997558
R0047_XIE0,medium,electronics,0.1478260869565217,78.0,True,True,False,True,True,1.0,4.76837158203125e-07,0.1434782608695652,77.92682926829268,True,True,False,True,True,1.0,0.0004980564117431,0.1521739130434782,79.36585365853658,True,False,False,True,True,1.0,0.1452646255493164
R0048_EHE2,easy,grocery,0.1155378486055776,83.33333333333333,True,True,True,True,True,0.8333333333333334,4.76837158203125e-07,0.1075697211155378,84.71111111111111,True,True,True,True,True,0.8333333333333334,0.0004525184631347,0.1035856573705179,85.57777777777778,True,True,True,True,True,1.0,0.1460647583007812
R0049_KF7I,hard,pharmacy,0.3534883720930232,42.23076923076923,False,False,False,True,False,0.0,4.76837158203125e-07,0.3953488372093023,46.5,False,False,False,False,True,0.25,0.0004589557647705,0.2,75.91891891891892,True,False,False,True,True,1.0,0.1240122318267822
R0050_OXRW,easy,pharmacy,0.0994764397905759,84.0625,True,True,True,True,True,1.0,4.76837158203125e-07,0.094240837696335,83.21875,True,True,True,True,True,1.0,0.0004816055297851,0.1047120418848167,81.5625,True,True,True,True,True,1.0,0.1328744888305664
R0051_DKNW,medium,cafe,0.1917098445595854,86.08108108108108,True,True,True,True,True,0.75,4.76837158203125e-07,0.1968911917098445,86.02702702702703,True,True,True,True,True,0.75,0.0004603862762451,0.1865284974093264,85.94594594594595,True,True,True,True,True,0.75,0.1280877590179443
R0052_DEJN,hard,electronics,0.7378048780487805,40.12765957446808,False,False,True,True,True,0.5,7.152557373046875e-07,1.0975609756097562,32.733333333333334,False,False,False,False,True,0.5,0.0004229545593261,0.2012195121951219,77.37931034482759,True,False,False,True,True,1.0,0.1260352134704589
R0053_FVOB,medium,grocery,0.1707317073170731,73.52830188679245,True,True,False,True,True,0.7142857142857143,4.76837158203125e-07,0.1777003484320557,70.73584905660377,True,True,True,True,True,0.7142857142857143,0.0005638599395751,0.1428571428571428,80.0377358490566,True,True,True,True,True,0.7142857142857143,0.1502912044525146
R0054_8UIB,medium,electronics,0.2137096774193548,78.5,True,False,False,True,False,1.0,7.152557373046875e-07,0.2016129032258064,82.43181818181819,True,False,False,True,False,1.0,0.0005459785461425,0.1612903225806451,86.81395348837209,True,False,False,True,True,1.0,0.1506755352020263
R0055_Y2JR,hard,cafe,0.7532467532467533,43.18333333333333,False,False,False,False,False,0.1666666666666666,4.76837158203125e-07,0.6277056277056277,52.3015873015873,False,False,False,False,True,0.5,0.0004785060882568,0.1904761904761904,80.18181818181819,True,False,True,True,True,0.5,0.1381387710571289
R0056_EWVI,hard,cafe,0.4774193548387097,60.8421052631579,False,False,False,True,True,1.0,4.76837158203125e-07,0.6129032258064516,43.78048780487805,False,True,False,True,False,1.0,0.0004253387451171,0.2580645161290322,83.72413793103448,True,False,True,False,True,0.5,0.1167898178100586
R0057_UT07,easy,cafe,0.1479289940828402,89.41935483870968,True,True,True,True,True,0.6666666666666666,4.76837158203125e-07,0.1538461538461538,89.16129032258064,True,True,True,True,True,0.6666666666666666,0.00042724609375,0.1597633136094674,89.09677419354838,True,True,True,True,True,1.0,0.1264193058013916
R0058_FQJG,hard,pharmacy,0.7330677290836654,34.86842105263158,False,False,False,True,False,0.3333333333333333,7.152557373046875e-07,0.7250996015936255,30.104477611940297,False,False,False,False,False,0.5,0.0004792213439941,0.1195219123505976,75.51162790697674,True,True,True,True,True,0.6666666666666666,0.160365343093872
R0059_51YW,easy,pharmacy,0.1356589147286821,75.08333333333333,True,True,False,True,True,1.0,7.152557373046875e-07,0.1356589147286821,78.04166666666667,True,True,True,True,True,1.0,0.0005087852478027,0.1821705426356589,76.9245283018868,False,True,True,True,True,1.0,0.1417467594146728
R0060_EHUD,hard,electronics,0.7929515418502202,44.61971830985915,False,False,False,False,False,0.4,4.76837158203125e-07,0.933920704845815,40.19277108433735,False,True,True,False,False,0.6,0.0005674362182617,0.2863436123348017,66.0754716981132,False,True,True,True,True,0.6,0.1850464344024658
R0061_XP9N,easy,electronics,0.20625,82.03448275862068,True,True,True,True,True,1.0,9.5367431640625e-07,0.20625,86.10344827586206,True,True,True,True,True,1.0,0.0003900527954101,0.20625,86.6896551724138,True,True,True,True,True,1.0,0.1190330982208252
R0062_G51B,medium,electronics,0.3051948051948052,68.15384615384616,True,True,False,False,True,0.0,2.384185791015625e-07,0.2987012987012987,73.84,True,True,False,False,True,0.0,0.0004124641418457,0.1493506493506493,84.76923076923077,True,True,True,False,True,1.0,0.1244778633117675
R0063_UU13,medium,cafe,0.348993288590604,77.67857142857143,True,False,False,False,True,0.3333333333333333,4.76837158203125e-07,0.3288590604026846,78.06896551724138,True,False,False,False,False,0.6666666666666666,0.000422716140747,0.2416107382550335,86.93103448275862,True,False,True,True,True,1.0,0.1362128257751464
R0064_II4F,medium,electronics,0.1659919028340081,77.71428571428571,True,False,True,True,True,1.0,7.152557373046875e-07,0.1740890688259109,77.80952380952381,True,False,True,True,True,1.0,0.0006015300750732,0.1336032388663967,80.69047619047619,True,True,True,True,True,1.0,0.137941837310791
R0065_0016,hard,cafe,0.1893491124260355,80.09375,False,False,True,False,True,0.6666666666666666,2.384185791015625e-07,0.301775147928994,74.8529411764706,False,False,False,False,False,0.0,0.0005254745483398,0.1538461538461538,85.26666666666667,True,False,True,True,True,0.6666666666666666,0.1226522922515869
R0066_VZKH,easy,cafe,0.0772532188841201,84.35714285714286,True,True,True,True,True,1.0,4.76837158203125e-07,0.0772532188841201,84.9047619047619,True,True,True,True,True,1.0,0.0005102157592773,0.0944206008583691,83.6046511627907,True,True,True,True,True,1.0,0.1539156436920166
R0067_YWRR,hard,grocery,0.3716216216216216,58.19230769230769,True,True,False,False,False,0.0,9.5367431640625e-07,0.3783783783783784,54.84,True,False,False,False,False,0.0,0.0004541873931884,0.1621621621621621,81.57692307692308,True,False,True,False,True,1.0,0.1140303611755371
R0068_QIZK,hard,grocery,1.1875,27.82258064516129,False,False,False,False,False,0.0,7.152557373046875e-07,0.85,28.72,False,False,True,False,False,0.0,0.000474214553833,0.18125,81.55172413793103,True,False,True,True,True,1.0,0.1148393154144287
R0069_YUJ7,hard,pharmacy,0.444,47.55357142857143,False,False,True,False,False,0.6666666666666666,4.76837158203125e-07,0.636,44.25352112676056,False,False,False,False,False,0.6666666666666666,0.0005548000335693,0.16,75.75555555555556,True,True,True,True,True,1.0,0.1388638019561767
R0070_W2QI,easy,electronics,0.1853932584269663,86.75757575757575,True,True,True,True,True,1.0,7.152557373046875e-07,0.196629213483146,87.78787878787878,True,True,True,False,True,1.0,0.0003712177276611,0.196629213483146,86.32352941176471,True,True,True,True,True,1.0,0.1109745502471923
R0071_TOAM,easy,grocery,0.1142857142857142,83.5,True,True,True,False,True,1.0,2.384185791015625e-07,0.0952380952380952,86.02631578947368,True,True,True,True,True,1.0,0.0004210472106933,0.1,82.15789473684211,True,True,True,True,True,1.0,0.1330065727233886
R0072_DK8L,medium,electronics,0.5253456221198156,49.38775510204081,True,False,False,False,False,0.4,2.384185791015625e-07,0.5529953917050692,52.54,True,False,False,True,True,0.4,0.0005226135253906,0.216589861751152,82.3,True,False,True,True,True,0.6,0.136319875717163
R0073_ZPKY,hard,electronics,0.8608695652173913,40.59701492537314,False,False,False,False,False,0.4,7.152557373046875e-07,0.7956521739130434,40.20338983050848,False,True,False,False,False,0.4,0.0004489421844482,0.1304347826086956,80.51282051282051,True,False,True,False,True,0.8,0.1289796829223632
R0074_2DDH,medium,cafe,0.1560693641618497,83.81818181818181,True,False,True,True,True,0.75,4.76837158203125e-07,0.1445086705202312,84.18181818181819,True,False,True,True,True,0.75,0.0004374980926513,0.1271676300578034,85.28125,True,True,True,True,True,0.75,0.1348283290863037
R0075_CBZA,medium,pharmacy,0.1566265060240964,76.22222222222223,True,True,False,True,True,1.0,2.384185791015625e-07,0.1566265060240964,77.37037037037037,True,True,False,True,True,1.0,0.0004184246063232,0.1867469879518072,79.55555555555556,True,True,False,True,True,0.0,0.1268949508666992
R0076_AHKZ,medium,grocery,0.2073170731707317,75.6875,True,False,True,True,True,1.0,2.384185791015625e-07,0.1991869918699187,75.9375,True,True,True,True,True,1.0,0.0004618167877197,0.1463414634146341,80.63829787234043,True,True,True,True,True,1.0,0.1279480457305908
R0077_NGWY,medium,cafe,0.3962264150943396,58.91666666666666,True,False,False,False,False,0.2,2.384185791015625e-07,0.3679245283018867,62.833333333333336,True,False,False,False,False,0.6,0.0012426376342773,0.1179245283018868,82.47368421052632,True,False,True,True,True,1.0,0.1353628635406494
R0078_2U1R,easy,grocery,0.1014492753623188,85.4054054054054,True,True,True,True,True,1.0,4.76837158203125e-07,0.0869565217391304,84.75675675675676,True,True,True,True,True,1.0,0.0004575252532958,0.0966183574879227,83.45945945945945,True,False,True,True,True,1.0,0.1304359436035156
R0079_HHCM,hard,pharmacy,0.4426229508196721,60.79661016949152,False,False,True,True,True,1.0,2.384185791015625e-07,0.3565573770491803,62.32142857142857,False,True,True,True,True,1.0,0.0005190372467041,0.180327868852459,80.74418604651163,True,True,True,True,True,1.0,0.128535509109497
R0080_1O0Z,hard,pharmacy,0.2058823529411764,70.9047619047619,True,True,True,True,True,0.8,2.384185791015625e-07,0.1974789915966386,72.42857142857143,True,True,True,False,True,1.0,0.0004637241363525,0.1722689075630252,79.30952380952381,True,True,True,True,True,0.8,0.1290075778961181
R0081_8HYE,easy,pharmacy,0.0878048780487804,84.70588235294117,True,True,True,True,True,1.0,4.76837158203125e-07,0.0975609756097561,87.20588235294117,True,True,True,True,True,1.0,0.0004258155822753,0.0926829268292682,88.05882352941177,True,True,True,True,True,1.0,0.1204793453216552
R0082_PECN,hard,grocery,1.0,32.675324675324674,False,False,False,False,True,0.75,2.384185791015625e-07,0.8436018957345972,34.75757575757576,False,False,False,False,True,0.5,0.0004823207855224,0.3601895734597156,65.43137254901961,False,True,True,True,True,0.75,0.1688170433044433
R0083_2IXI,easy,pharmacy,0.1987951807228915,86.43333333333334,True,True,True,True,True,1.0,2.384185791015625e-07,0.2048192771084337,84.5,True,True,True,True,True,1.0,0.0003554821014404,0.2108433734939759,85.16666666666667,True,True,True,True,True,1.0,0.1046640872955322
R0084_E4UN,hard,cafe,1.1407407407407408,29.80701754385965,False,False,True,False,True,1.0,2.384185791015625e-07,0.9703703703703704,28.173076923076923,False,False,False,False,True,1.0,0.0003852844238281,0.2814814814814815,87.84,True,False,True,False,True,1.0,0.1325216293334961
R0085_79FL,hard,grocery,0.7193675889328063,40.688311688311686,False,True,True,False,False,0.5714285714285714,2.384185791015625e-07,0.8023715415019763,40.550561797752806,False,False,True,True,True,0.5714285714285714,0.0004603862762451,0.1422924901185771,78.5,True,False,True,True,True,0.8571428571428571,0.1579823493957519
R0086_B4GF,easy,grocery,0.0994475138121546,86.18181818181819,True,True,True,True,True,1.0,7.152557373046875e-07,0.1049723756906077,88.18181818181819,True,True,True,True,True,1.0,0.0003888607025146,0.0994475138121546,86.66666666666667,True,True,True,True,True,1.0,0.1208887100219726
R0087_BISB,medium,electronics,0.0991379310344827,82.8,True,True,False,True,True,1.0,7.152557373046875e-07,0.0991379310344827,84.8,True,True,False,True,True,1.0,0.0004427433013916,0.0948275862068965,83.0,True,True,False,True,True,1.0,0.1271843910217285
R0088_X40D,hard,cafe,0.4141414141414141,60.61764705882353,True,True,False,False,False,0.2,4.76837158203125e-07,0.4494949494949495,57.21875,True,True,False,False,False,0.4,0.0004832744598388,0.1262626262626262,84.88235294117646,True,False,False,True,True,0.8,0.1344447135925293
R0089_CH2V,hard,cafe,0.6724137931034483,47.79245283018868,False,False,True,False,True,0.3333333333333333,4.76837158203125e-07,0.8735632183908046,39.05172413793103,False,False,False,False,True,0.0,0.0004799365997314,0.1206896551724138,84.96875,True,True,True,True,True,1.0,0.13535737991333
R0090_8OBK,hard,cafe,0.7934272300469484,39.23880597014925,False,False,False,False,False,0.4,4.76837158203125e-07,1.2769953051643192,27.848101265822784,False,False,False,False,False,0.4,0.0004849433898925,0.1830985915492957,85.35,True,True,True,False,True,0.8,0.1472320556640625
R0091_GU3O,medium,grocery,0.1615384615384615,77.79591836734694,True,False,True,True,True,1.0,2.384185791015625e-07,0.1615384615384615,77.87755102040816,True,False,True,True,True,1.0,0.0004701614379882,0.1692307692307692,79.26530612244898,True,False,True,True,True,1.0,0.1427936553955078
R0092_LH62,medium,grocery,0.1704035874439461,73.48780487804878,True,True,True,False,True,0.8333333333333334,4.76837158203125e-07,0.1659192825112107,70.92682926829268,True,True,True,False,True,1.0,0.000556468963623,0.1345291479820627,84.48780487804878,True,False,False,True,True,0.8333333333333334,0.1566095352172851
R0093_BCVA,hard,electronics,0.424390243902439,61.53061224489796,False,False,False,False,True,0.75,4.76837158203125e-07,0.4341463414634146,60.18367346938776,False,False,False,False,True,0.75,0.0005109310150146,0.2146341463414634,84.8108108108108,True,True,False,False,True,1.0,0.1290061473846435
R0094_XG8Y,hard,pharmacy,0.2925170068027211,56.3,False,False,True,True,True,0.7142857142857143,4.76837158203125e-07,0.3197278911564626,52.37878787878788,False,False,True,True,True,1.0,0.0005202293395996,0.1258503401360544,72.66666666666667,True,False,True,True,True,0.7142857142857143,0.1478779315948486
R0095_BPPF,medium,electronics,0.3888888888888889,67.48648648648648,True,False,False,True,False,0.6,4.76837158203125e-07,0.2129629629629629,79.2051282051282,True,True,True,True,True,1.0,0.0004274845123291,0.1759259259259259,85.33333333333333,True,True,True,True,True,1.0,0.127885103225708
R0096_XVPB,hard,pharmacy,0.4086021505376344,64.175,False,False,True,True,True,1.0,4.76837158203125e-07,0.4301075268817204,61.4390243902439,False,False,True,True,True,1.0,0.0005035400390625,0.2419354838709677,79.94117647058823,True,False,True,True,True,1.0,0.1165347099304199
R0097_W9RE,medium,electronics,0.2276785714285714,74.1304347826087,True,False,True,False,True,1.0,4.76837158203125e-07,0.1473214285714285,79.85365853658537,True,False,True,True,True,1.0,0.0004844665527343,0.0982142857142857,85.38461538461539,True,False,True,True,True,0.8,0.1372015476226806
R0098_PT5R,medium,cafe,0.4521276595744681,69.68,False,True,True,True,True,0.75,4.76837158203125e-07,0.526595744680851,60.36538461538461,False,False,True,True,True,0.75,0.0004458427429199,0.202127659574468,83.48648648648648,True,True,True,True,True,1.0,0.1350746154785156
R0099_3DUT,easy,pharmacy,0.158590308370044,84.275,True,True,True,True,True,1.0,4.76837158203125e-07,0.145374449339207,84.1,True,True,True,True,True,1.0,0.00048828125,0.158590308370044,85.825,True,True,True,True,True,0.8,0.1399092674255371
R0100_YB6L,hard,cafe,0.7078189300411523,45.89024390243903,False,False,False,True,True,0.8571428571428571,2.384185791015625e-07,0.7901234567901234,41.62650602409639,False,False,False,False,True,0.7142857142857143,0.0005488395690917,0.1687242798353909,79.85106382978724,True,False,True,False,True,1.0,0.1594421863555908
R0101_UG5H,medium,grocery,0.2450331125827814,87.73333333333333,True,False,True,False,True,1.0,4.76837158203125e-07,0.2450331125827814,86.33333333333333,True,False,True,True,True,1.0,0.0004124641418457,0.2450331125827814,86.66666666666667,True,False,True,True,True,1.0,0.1150741577148437
R0102_F60Y,easy,pharmacy,0.0869565217391304,84.1025641025641,True,True,True,True,True,1.0,2.384185791015625e-07,0.0739130434782608,86.0,True,True,True,True,True,1.0,0.0004878044128417,0.108695652173913,77.48717948717949,True,True,True,True,True,0.8,0.1362152099609375
R0103_WVA9,medium,pharmacy,0.2097378277153558,76.57446808510639,True,False,True,True,True,0.8571428571428571,7.152557373046875e-07,0.2022471910112359,72.63829787234043,True,False,True,True,True,0.8571428571428571,0.0005404949188232,0.1797752808988764,81.06521739130434,True,False,True,True,True,1.0,0.1415095329284668
R0104_YWR7,hard,pharmacy,0.3490566037735849,48.81578947368421,True,False,False,False,False,0.5,7.152557373046875e-07,0.3443396226415094,46.55263157894737,True,False,False,False,False,0.75,0.0005207061767578,0.1415094339622641,77.48648648648648,True,False,True,True,True,0.75,0.1259043216705322
R0105_4Q5V,medium,grocery,0.4739884393063583,59.774193548387096,True,True,False,False,False,0.3333333333333333,4.76837158203125e-07,0.2023121387283237,77.8125,True,False,True,True,True,1.0,0.0003604888916015,0.1676300578034682,79.61290322580645,True,False,True,True,True,1.0,0.1121523380279541
R0106_QH1U,easy,cafe,0.1390728476821192,81.42857142857143,True,False,True,True,True,0.5,4.76837158203125e-07,0.1390728476821192,82.44827586206897,True,True,True,True,True,1.0,0.0004234313964843,0.1390728476821192,84.96428571428571,True,True,True,True,True,0.5,0.1015791893005371
R0107_LDSL,medium,grocery,0.2142857142857142,79.43589743589743,True,True,True,True,True,1.0,2.384185791015625e-07,0.2095238095238095,76.38461538461539,True,True,True,True,True,1.0,0.000455617904663,0.1761904761904762,84.52631578947368,True,True,True,False,True,1.0,0.1192350387573242
R0108_1WVB,hard,grocery,0.8562091503267973,41.520833333333336,False,False,False,False,False,1.0,7.152557373046875e-07,0.7254901960784313,39.25,False,False,False,False,False,0.5,0.0004165172576904,0.2549019607843137,83.37931034482759,True,False,True,False,True,1.0,0.1296956539154052
R0109_SWK2,easy,electronics,0.1557377049180328,83.04444444444445,True,True,True,True,True,1.0,2.384185791015625e-07,0.1680327868852459,82.91111111111111,True,True,True,True,True,1.0,0.0005266666412353,0.1475409836065573,87.52272727272727,True,True,True,False,True,1.0,0.1449337005615234
R0110_354M,easy,pharmacy,0.1003460207612456,74.77551020408163,True,True,True,True,True,1.0,2.384185791015625e-07,0.0968858131487889,77.06122448979592,True,True,True,True,True,1.0,0.0004792213439941,0.1072664359861591,79.73076923076923,True,True,True,True,True,1.0,0.1512238979339599
R0111_UPW2,hard,grocery,0.6334841628959276,49.5735294117647,False,False,True,True,True,0.8,2.384185791015625e-07,0.5746606334841629,50.36666666666667,False,False,True,True,True,0.8,0.0004341602325439,0.2126696832579185,78.4047619047619,True,False,False,False,True,0.6,0.1294019222259521
R0112_6WA7,easy,electronics,0.1405405405405405,89.41935483870968,True,True,True,True,True,1.0,4.76837158203125e-07,0.1351351351351351,87.45161290322581,True,True,True,True,True,1.0,0.0004639625549316,0.1459459459459459,88.48387096774194,True,True,True,True,True,1.0,0.1133942604064941
R0113_OBT3,medium,pharmacy,0.2023809523809523,72.61702127659575,True,True,True,True,True,1.0,4.76837158203125e-07,0.1785714285714285,78.93617021276596,True,True,True,True,True,1.0,0.0004775524139404,0.1547619047619047,84.73913043478261,True,True,True,True,True,1.0,0.1443510055541992
R0114_G7OQ,medium,cafe,0.2451612903225806,83.80645161290323,True,True,True,True,True,1.0,4.76837158203125e-07,0.2451612903225806,83.58064516129032,True,True,True,True,True,1.0,0.0004878044128417,0.2580645161290322,83.7741935483871,True,False,True,True,True,1.0,0.1270222663879394
R0115_3DXV,easy,pharmacy,0.0978723404255319,75.58536585365853,True,True,True,True,True,1.0,4.76837158203125e-07,0.0936170212765957,78.6829268292683,True,True,True,True,True,1.0,0.0005521774291992,0.0936170212765957,76.3170731707317,True,True,True,True,True,1.0,0.13558030128479
R0116_8SYL,hard,grocery,1.064516129032258,28.28235294117647,False,False,False,False,False,0.1666666666666666,4.76837158203125e-07,0.9838709677419356,24.53246753246753,False,False,False,False,False,0.0,0.0004725456237792,0.1330645161290322,77.44444444444444,True,False,True,False,True,0.8333333333333334,0.1425142288208007
R0117_I22K,easy,grocery,0.1809954751131221,81.52380952380952,True,True,True,True,True,0.8,4.76837158203125e-07,0.1855203619909502,82.80952380952381,True,True,True,True,True,1.0,0.0004994869232177,0.1583710407239819,83.61904761904762,True,True,True,True,True,1.0,0.1531932353973388
R0118_F4AQ,easy,cafe,0.1923076923076923,82.97142857142858,True,True,True,True,True,1.0,3.337860107421875e-06,0.1978021978021978,82.08571428571429,True,True,True,True,True,1.0,0.0005023479461669,0.1758241758241758,86.2,True,True,True,True,True,1.0,0.1250419616699218
R0119_LMH1,medium,electronics,0.544,50.910714285714285,False,False,False,False,False,0.2857142857142857,4.76837158203125e-07,0.536,49.96666666666667,False,False,False,False,False,0.4285714285714285,0.0009231567382812,0.168,84.82608695652173,True,False,True,True,True,0.8571428571428571,0.146693468093872
R0120_WHY4,hard,cafe,0.5766129032258065,37.41463414634146,True,False,False,False,False,0.0,4.76837158203125e-07,0.5846774193548387,36.93023255813954,False,False,False,False,False,0.0,0.0005960464477539,0.1411290322580645,74.11363636363636,True,False,True,True,True,0.8571428571428571,0.1643970012664795
R0121_D1PO,medium,grocery,0.1888888888888888,82.85714285714286,True,True,True,True,True,1.0,7.152557373046875e-07,0.1888888888888888,82.85714285714286,True,True,True,True,True,1.0,0.0004594326019287,0.2166666666666666,80.94285714285714,True,True,True,True,True,1.0,0.1105680465698242
R0122_6MOX,easy,cafe,0.1904761904761904,87.33333333333333,True,True,True,True,True,1.0,9.5367431640625e-07,0.1904761904761904,87.21212121212122,True,True,True,True,True,1.0,0.0005507469177246,0.2023809523809523,86.63636363636364,True,True,True,True,True,1.0,0.1303205490112304
R0123_6LQW,easy,pharmacy,0.1140684410646387,80.17391304347827,True,True,True,True,True,1.0,2.384185791015625e-07,0.1102661596958174,78.65217391304348,True,True,True,True,True,1.0,0.0005345344543457,0.1064638783269961,82.56521739130434,True,True,True,True,True,0.8333333333333334,0.1411311626434326
R0124_CCAS,medium,grocery,0.140495867768595,76.51162790697674,True,True,True,True,True,1.0,4.76837158203125e-07,0.140495867768595,73.31111111111112,True,True,True,True,True,1.0,0.000577688217163,0.0867768595041322,80.34883720930233,True,False,True,True,True,1.0,0.1535494327545166
R0125_MHRC,easy,pharmacy,0.1677018633540372,76.51724137931035,True,False,True,True,True,1.0,4.76837158203125e-07,0.1180124223602484,79.39285714285714,True,False,True,True,True,1.0,0.0009429454803466,0.1739130434782608,78.40625,False,False,False,True,True,1.0,0.1314043998718261
R0126_4SN6,medium,electronics,0.2153846153846154,67.96969696969697,True,True,True,False,False,0.25,7.152557373046875e-07,0.1846153846153846,74.36363636363636,True,False,False,True,False,0.75,0.0005199909210205,0.1282051282051282,89.625,True,False,True,True,True,0.75,0.1284191608428955
R0127_4ABU,hard,cafe,0.7629310344827587,42.98611111111112,False,False,False,False,False,0.2857142857142857,2.384185791015625e-07,0.7844827586206896,44.2054794520548,False,False,True,True,False,0.7142857142857143,0.0004580020904541,0.146551724137931,77.38095238095238,True,False,True,True,True,0.7142857142857143,0.1461963653564453
R0128_NEAS,easy,electronics,0.081967213114754,85.02272727272727,True,True,True,True,True,1.0,4.76837158203125e-07,0.1024590163934426,85.95238095238095,True,True,True,True,True,0.8333333333333334,0.0004761219024658,0.0778688524590164,87.3953488372093,True,True,True,True,True,1.0,0.137735366821289
R0129_16DV,easy,electronics,0.1354166666666666,86.875,True,True,True,True,True,1.0,2.384185791015625e-07,0.1510416666666666,86.34375,True,True,True,True,True,0.6666666666666666,0.0005218982696533,0.1354166666666666,88.375,True,True,True,True,True,1.0,0.1245689392089843
R0130_HTUG,medium,electronics,0.2878048780487804,68.24324324324324,False,True,True,False,True,1.0,2.384185791015625e-07,0.2878048780487804,68.94594594594595,False,True,True,True,True,0.75,0.0005431175231933,0.1951219512195122,82.55555555555556,True,True,True,True,True,0.75,0.1284694671630859
R0131_DJNV,medium,electronics,0.4522821576763485,56.26086956521739,True,True,False,False,False,0.1666666666666666,4.76837158203125e-07,0.5767634854771784,53.69230769230769,True,True,False,False,False,0.3333333333333333,0.0005214214324951,0.1701244813278008,87.02272727272727,True,False,False,True,True,1.0,0.1348369121551513
R0132_CDK3,easy,pharmacy,0.1159420289855072,77.05405405405405,True,True,True,False,True,1.0,4.76837158203125e-07,0.1207729468599033,80.16216216216216,True,True,True,False,True,1.0,0.0005784034729003,0.1207729468599033,80.91891891891892,True,True,True,True,True,1.0,0.1272690296173095
R0133_QVAE,medium,grocery,0.4813432835820895,57.0,True,False,False,False,False,0.7142857142857143,2.384185791015625e-07,0.4104477611940298,60.30232558139535,True,False,False,False,False,0.7142857142857143,0.0005686283111572,0.1231343283582089,82.25531914893617,True,False,False,True,True,1.0,0.1843435764312744
R0134_7YXW,easy,grocery,0.2010050251256281,81.8108108108108,True,False,True,True,True,1.0,2.384185791015625e-07,0.185929648241206,84.37837837837837,True,True,True,True,True,1.0,0.0004322528839111,0.1708542713567839,86.37837837837837,True,False,True,True,True,1.0,0.1268725395202636
R0135_YNDN,medium,pharmacy,0.1929133858267716,63.95348837209303,True,False,True,False,True,0.8333333333333334,4.76837158203125e-07,0.1889763779527559,67.86046511627907,True,False,True,False,True,0.8333333333333334,0.0006206035614013,0.1181102362204724,81.72093023255815,True,False,True,True,True,1.0,0.1416072845458984
R0136_6WTL,easy,electronics,0.1912568306010929,88.84848484848484,True,True,True,True,True,1.0,2.384185791015625e-07,0.1857923497267759,88.3030303030303,True,True,True,True,True,1.0,0.0004687309265136,0.180327868852459,89.60606060606061,True,True,True,True,True,1.0,0.1263797283172607
R0137_LS1Q,medium,grocery,0.2107438016528925,75.41304347826087,True,True,True,True,True,1.0,4.76837158203125e-07,0.2024793388429752,75.67391304347827,True,True,True,True,True,1.0,0.000495433807373,0.1776859504132231,82.15555555555555,True,False,True,True,True,0.8333333333333334,0.1432602405548095
R0138_CGDC,medium,electronics,0.2777777777777778,71.57142857142857,True,True,False,False,True,0.5,2.384185791015625e-07,0.3024691358024691,69.39285714285714,True,True,False,False,False,0.5,0.0003857612609863,0.1728395061728395,82.0,True,True,True,True,True,0.5,0.1332540512084961
R0139_4LR9,medium,pharmacy,0.4415584415584415,64.21621621621621,True,False,False,False,False,0.4,4.76837158203125e-07,0.4805194805194805,56.5,True,False,False,False,False,0.8,0.0005078315734863,0.1428571428571428,78.63414634146342,True,False,True,True,True,1.0,0.1251628398895263
R0140_1K12,easy,cafe,0.1623931623931624,81.43478260869566,True,True,True,True,True,1.0,2.384185791015625e-07,0.1495726495726495,84.3913043478261,True,True,True,True,True,1.0,0.0005092620849609,0.1495726495726495,85.28260869565217,True,True,True,True,True,1.0,0.1557357311248779
R0141_WGAB,medium,grocery,0.152317880794702,83.5925925925926,True,True,True,False,True,1.0,4.76837158203125e-07,0.1456953642384106,84.11111111111111,True,True,True,False,True,1.0,0.0004158020019531,0.1589403973509933,83.77777777777777,True,True,True,False,True,1.0,0.1153085231781005
R0142_8C1C,hard,electronics,0.6304347826086957,42.02702702702703,False,False,False,False,False,0.3333333333333333,4.76837158203125e-07,0.6304347826086957,50.83783783783784,False,False,False,False,False,0.3333333333333333,0.0004580020904541,0.1467391304347826,79.96774193548387,True,False,True,True,True,0.3333333333333333,0.1348295211791992
R0143_ERKM,hard,grocery,0.7006369426751592,52.14634146341464,False,False,False,False,True,0.5,4.76837158203125e-07,0.643312101910828,48.47058823529412,False,False,False,False,True,0.5,0.0004248619079589,0.3057324840764331,81.17241379310344,False,True,True,True,True,1.0,0.1102504730224609
R0144_YM81,medium,grocery,0.1813725490196078,87.02631578947368,True,True,True,False,True,1.0,7.152557373046875e-07,0.1813725490196078,87.84210526315789,True,True,True,False,True,1.0,0.000462532043457,0.1764705882352941,86.78947368421052,True,True,True,False,True,1.0,0.1386322975158691
R0145_LQ5V,hard,cafe,0.7698744769874477,43.41379310344828,False,True,False,False,False,0.3333333333333333,2.384185791015625e-07,0.891213389121339,37.0625,False,False,False,False,False,0.1666666666666666,0.000582218170166,0.1422594142259414,80.36363636363636,True,False,True,True,True,0.6666666666666666,0.1663854122161865
R0146_GBDG,easy,grocery,0.1526717557251908,81.04,True,True,True,True,True,1.0,7.152557373046875e-07,0.1335877862595419,82.14,True,True,True,True,True,1.0,0.0005443096160888,0.1297709923664122,86.11764705882354,True,True,True,True,True,1.0,0.1737112998962402
R0147_IWG0,hard,electronics,0.5741935483870968,52.11627906976744,False,False,False,False,True,1.0,2.384185791015625e-07,0.3806451612903225,60.57142857142857,False,False,True,True,True,1.0,0.0004160404205322,0.1612903225806451,77.5,True,False,True,True,True,1.0,0.1145212650299072
R0148_W3LI,medium,cafe,0.1013824884792626,87.39473684210526,True,False,True,True,True,1.0,4.76837158203125e-07,0.1013824884792626,86.5,True,False,True,True,True,1.0,0.0006101131439208,0.0967741935483871,87.42105263157895,True,True,True,True,True,1.0,0.1536257266998291
R0149_DO70,hard,pharmacy,1.2526881720430108,38.56410256410256,False,True,True,True,False,1.0,4.76837158203125e-07,0.9946236559139784,36.60294117647059,False,True,False,True,False,1.0,0.0004522800445556,0.2634408602150537,62.66666666666666,False,True,True,True,True,1.0,0.1632862091064453
R0150_7WWB,easy,grocery,0.1370967741935483,86.71739130434783,True,True,True,True,True,1.0,4.76837158203125e-07,0.1451612903225806,86.23913043478261,True,True,True,True,True,1.0,0.0005602836608886,0.1370967741935483,85.76086956521739,True,True,True,True,True,0.8333333333333334,0.1573166847229004
R0151_OUU9,easy,cafe,0.1411042944785276,87.8,True,True,True,True,True,1.0,4.76837158203125e-07,0.1411042944785276,85.43333333333334,True,True,True,True,True,1.0,0.0004353523254394,0.1226993865030674,88.53333333333333,True,True,True,True,True,1.0,0.1262521743774414
R0152_7IYF,medium,grocery,0.0905797101449275,81.13725490196079,True,True,False,True,True,1.0,4.76837158203125e-07,0.0905797101449275,80.15686274509804,True,True,True,False,True,1.0,0.0004925727844238,0.1195652173913043,79.68627450980392,True,False,False,False,True,0.7142857142857143,0.1385262012481689
R0153_CXX6,hard,pharmacy,0.2634730538922156,74.78787878787878,True,True,True,False,True,0.5,2.384185791015625e-07,0.2455089820359281,75.96875,True,False,True,False,True,0.5,0.0004997253417968,0.2275449101796407,80.5,True,True,True,False,False,1.0,0.1271431446075439
R0154_KR0A,medium,pharmacy,0.1649484536082474,69.3265306122449,True,True,False,False,True,0.7142857142857143,4.76837158203125e-07,0.1168384879725085,73.44897959183673,True,True,True,False,True,0.8571428571428571,0.0005826950073242,0.0962199312714776,79.63265306122449,True,False,True,True,True,0.8571428571428571,0.1560444831848144
R0155_HEY6,easy,cafe,0.1524390243902439,83.27586206896552,True,False,True,True,True,0.6666666666666666,4.76837158203125e-07,0.1219512195121951,84.41379310344827,True,False,True,True,True,1.0,0.000457763671875,0.1097560975609756,87.57142857142857,True,True,True,True,True,1.0,0.1188156604766845
R0156_VIAC,medium,electronics,0.3603238866396761,57.84615384615385,False,True,False,False,False,0.3333333333333333,4.76837158203125e-07,0.4170040485829959,56.285714285714285,False,True,False,False,False,0.3333333333333333,0.0005383491516113,0.1052631578947368,82.19047619047619,True,False,True,True,True,1.0,0.1435770988464355
R0157_7UTX,hard,grocery,1.2307692307692308,32.63529411764706,False,False,False,False,True,0.4,2.384185791015625e-07,1.1971153846153846,29.22093023255814,False,False,False,False,True,0.6,0.0005116462707519,0.2211538461538461,74.025,True,False,True,False,True,0.8,0.1322295665740966
R0158_27ZE,easy,electronics,0.087719298245614,82.97435897435898,True,True,True,True,True,1.0,2.384185791015625e-07,0.087719298245614,82.0,True,True,True,True,True,1.0,0.0004880428314208,0.1008771929824561,83.64102564102564,True,True,True,True,True,1.0,0.1458504199981689
R0159_1BL0,hard,electronics,0.8970588235294118,36.80851063829788,False,False,True,True,True,0.8571428571428571,2.384185791015625e-07,1.0147058823529411,33.625,False,False,False,False,False,0.4285714285714285,0.0004875659942626,0.1985294117647058,70.94,False,True,True,True,True,1.0,0.2257556915283203
R0160_Y4K7,hard,grocery,0.7413793103448276,44.397260273972606,False,False,False,True,True,0.6,4.76837158203125e-07,0.5431034482758621,46.328125,False,False,False,True,True,0.6,0.000420331954956,0.1594827586206896,82.0,True,True,True,True,True,0.8,0.1258642673492431
R0161_0W9R,hard,pharmacy,0.8106060606060606,26.950819672131143,False,False,False,False,False,0.3333333333333333,4.76837158203125e-07,0.981060606060606,23.594594594594597,False,False,False,False,False,0.0,0.0005483627319335,0.1401515151515151,75.13333333333334,True,True,True,True,True,0.5,0.1588032245635986
R0162_K2LS,hard,pharmacy,0.65,35.92307692307692,False,False,False,False,False,0.0,2.384185791015625e-07,0.8875,31.725490196078432,False,False,False,False,True,0.0,0.0004608631134033,0.58125,31.88888888888889,False,False,False,False,False,0.0,0.1869966983795166
R0163_M2O0,easy,pharmacy,0.1570881226053639,80.875,True,True,True,True,True,1.0,2.384185791015625e-07,0.1455938697318007,83.2127659574468,True,True,True,True,True,1.0,0.0005397796630859,0.1340996168582375,85.53191489361703,True,True,True,True,True,1.0,0.1454033851623535
R0164_NBHD,easy,grocery,0.1193415637860082,81.86363636363636,True,True,True,True,True,1.0,4.76837158203125e-07,0.1193415637860082,81.22727272727273,True,False,True,True,True,1.0,0.0005078315734863,0.074074074074074,84.4090909090909,True,True,True,True,True,1.0,0.1410262584686279
R0165_WHHK,easy,pharmacy,0.1340579710144927,77.83673469387755,True,False,True,True,True,1.0,4.76837158203125e-07,0.1485507246376811,78.1,True,True,True,True,True,1.0,0.0005140304565429,0.1304347826086956,79.59183673469387,True,True,True,True,True,0.8571428571428571,0.1520719528198242
R0166_3ZYT,easy,electronics,0.1420454545454545,82.51724137931035,True,False,True,True,True,0.6666666666666666,4.76837158203125e-07,0.125,83.48275862068965,True,False,True,True,True,1.0,0.0005042552947998,0.125,84.75862068965517,True,False,True,True,True,1.0,0.1197879314422607
R0167_ER4K,easy,pharmacy,0.1158301158301158,78.77777777777777,True,True,True,True,True,1.0,2.384185791015625e-07,0.1158301158301158,78.55555555555556,True,True,True,True,True,1.0,0.0004427433013916,0.1042471042471042,81.24444444444444,True,True,True,True,True,1.0,0.1307301521301269
R0168_4EVL,medium,grocery,0.3333333333333333,71.70588235294117,True,False,False,False,False,0.6666666666666666,4.76837158203125e-07,0.3064516129032258,73.5,True,False,False,False,True,0.6666666666666666,0.0004489421844482,0.2204301075268817,81.54285714285714,True,False,True,True,True,1.0,0.1405403614044189
R0169_LU6K,hard,electronics,0.1875,75.05555555555556,False,False,True,True,True,0.75,2.384185791015625e-07,0.2135416666666666,68.72222222222223,False,False,True,True,True,0.75,0.0004832744598388,0.1458333333333333,82.45454545454545,True,False,True,True,True,0.75,0.1295413970947265
R0170_XRGN,easy,pharmacy,0.1777777777777777,85.03125,True,True,True,True,True,1.0,4.76837158203125e-07,0.1888888888888888,85.53125,True,False,True,True,True,1.0,0.0003948211669921,0.3111111111111111,72.4054054054054,True,True,True,True,True,1.0,0.1209969520568847
R0171_3NIP,hard,grocery,0.7432950191570882,40.23529411764706,False,False,True,False,True,0.4285714285714285,2.384185791015625e-07,1.0804597701149423,33.86,False,False,True,True,True,0.7142857142857143,0.0005829334259033,0.1800766283524904,78.25,True,False,False,True,True,0.8571428571428571,0.168581485748291
R0172_Q0P8,easy,pharmacy,0.1421052631578947,74.875,True,True,True,True,True,1.0,4.76837158203125e-07,0.1421052631578947,79.28125,True,True,True,True,True,0.6666666666666666,0.0003871917724609,0.1263157894736842,78.40625,True,False,True,True,True,1.0,0.1211438179016113
R0173_4AEG,easy,cafe,0.1832460732984293,89.11428571428571,True,True,True,True,True,1.0,4.76837158203125e-07,0.1780104712041884,87.37142857142857,True,True,True,True,True,1.0,0.0004377365112304,0.1675392670157068,89.51428571428572,True,True,True,True,True,1.0,0.1268646717071533
R0174_EGOK,easy,cafe,0.1422764227642276,84.04444444444445,True,True,True,True,True,1.0,4.76837158203125e-07,0.1463414634146341,84.26666666666667,True,True,True,True,True,1.0,0.0005590915679931,0.1341463414634146,86.53333333333333,True,True,True,True,True,1.0,0.1567573547363281
R0175_9LAA,medium,grocery,0.4418604651162791,54.48648648648648,True,False,False,False,False,0.2,7.152557373046875e-07,0.427906976744186,54.026315789473685,True,False,False,False,False,0.2,0.0004217624664306,0.1767441860465116,83.82051282051282,True,False,True,True,True,0.8,0.126014232635498
R0176_Q7W7,medium,pharmacy,0.1552346570397112,70.14583333333333,True,True,True,False,True,0.8571428571428571,4.76837158203125e-07,0.1371841155234657,70.34042553191489,False,False,True,True,True,0.8571428571428571,0.000540018081665,0.0974729241877256,79.85106382978724,True,True,True,True,True,0.7142857142857143,0.1509232521057129
R0177_XABO,easy,cafe,0.1225490196078431,83.4054054054054,True,True,True,True,True,1.0,7.152557373046875e-07,0.1176470588235294,84.75675675675676,True,True,True,True,True,1.0,0.0005180835723876,0.1225490196078431,86.70270270270271,True,True,True,True,True,0.8,0.1395130157470703
R0178_BNGZ,easy,grocery,0.15,84.3953488372093,True,True,True,True,True,1.0,4.76837158203125e-07,0.15,84.11627906976744,True,True,True,True,True,1.0,0.0005056858062744,0.15,83.20930232558139,True,True,True,True,True,1.0,0.1435344219207763
R0179_C0RA,hard,grocery,0.3003533568904594,57.10909090909091,True,False,True,True,True,0.2857142857142857,2.384185791015625e-07,0.3144876325088339,59.74545454545454,True,False,False,True,True,0.2857142857142857,0.0005280971527099,0.1342756183745583,75.67307692307692,True,False,True,True,True,0.7142857142857143,0.1417570114135742
